Model,Context Size,Memory Used (MB),Inference Time (ms)
TNPD,10,2002.0,181.61834360758465
TNPD,150,2608.0,183.3370028177897
TNPD,500,4438.0,249.02840779622395
